clusters,meandist
0,2600.348941
1,1411.664759
2,964.3770913
3,792.2090979
4,671.4752476
5,605.5495316
6,557.7322286
7,523.0631927
8,498.3763662
